[
    {
        "id": "p1",
        "name":"Du Lịch Bắc Hà Nội - Chùa Tam Chúc - Tam Cốc 1 ngày",
        "image": "./images/chua-tam-chuc-13.jpg",
        "sale": 890000,
        "price": 1220000,
        "destination": "Du Lịch Bắc Trung Bộ"
    },
    {
        "id": "p2",
        "name":"Du Lịch Bắc Hà Nội - Hạ Long - Hà Nội 2N1Đ",
        "image": "./images/Ha-Long-Sunworld-2(1).jpg",
        "sale": 3390000,
        "price": 3690000,
        "destination": "Biển Đảo"
    },
    {
        "id": "p3",
        "name":"Du Lịch Bắc Hà Nội - Hà Nội - Vịnh Hạ Long 1 Ngày",
        "image": "./images/4-1435539174.jpg",
        "sale": 1390000,
        "price": 1720000,
        "destination": "Biển Đảo"
    },
    {
        "id": "p4",
        "name":"Du Lịch Hà Giang - Đồng Văn - Cao Bằng - Bắc Kạn Từ Hà Nội",
        "image": "./images/e9122e22e5dd348c4a76d8c7c07c2f7c.jpg",
        "sale": 9790000,
        "price": 11690000,
        "destination": "Cao Nguyên"
    },
    {
        "id": "p5",
        "name":"Du Lịch Hà Giang - Đồng Văn - Lũng Cú 3N2Đ",
        "image": "./images/ha-giang-4.jpg",
        "sale": 7890000,
        "price": 9220000,
        "destination": "Cao Nguyên"
    },
    {
        "id": "p6",
        "name":"Du Lịch Bắc Hà Nội - Sơn La - Mộc Châu Từ Hà Nội 2N1Đ",
        "image": "./images/tour-khuyen-mai-mai-chau-moc-chau-2n-1d-vietmountain-travel3.jpg",
        "sale": 4390000,
        "price": 4990000,
        "destination": "Cao Nguyên"
    },
    {
        "id": "p7",
        "name":"Du Lịch Miền Trung - Đà Nẵng - Sơn Trà - Bà Nà - Hội An - Huế 3N2Đ",
        "image": "./images/cau-vang-ba-na-3-360x225.jpg",
        "sale": 3000000,
        "price": 3220000,
        "destination": "Du Lịch Miền Trung"
    },
    {
        "id": "p8",
        "name":"Du Lịch Tp.HCM - Măng Đen - Tà Đùng 3N3Đ",
        "image": "./images/ivivu-ho-ta-dung-360x225.jpg",
        "sale": 2990000,
        "price": 3290000,
        "destination": "Du Lịch Miền Nam"
    },
    {
        "id": "p9",
        "name":"Du Lịch Bắc Hà Nội - Lào Cai - Sapa - Ninh Bình - Tam Chúc - Hạ Long 5N4Đ",
        "image": "./images/ivivu-chua-tam-chuc-bia-n-360x225.jpg",
        "sale": 12590000,
        "price": 12720000,
        "destination": "Du Lịch Bắc Trung Bộ"
    },
    {
        "id": "p10",
        "name":"Du Lịch Phú Quốc - Grand World - 4 Đảo 3N2Đ",
        "image": "./images/ivivu-sunset-sonato-1-204x153.jpg",
        "sale": 2640000,
        "price": 2990000,
        "destination": "Biển Đảo"
    },
    {
        "id": "p11",
        "name":"Du Lịch Đà Nẵng - Hội An - Quảng Bình - Huế 4N3Đ",
        "image": "./images/ivivu-kinh-thanh-hue-204x153.jpg",
        "sale": 6290000,
        "price": 6420000,
        "destination": "Du Lịch Miền Trung"
    },
    {
        "id": "p12",
        "name":"Du Lịch Phan Thiết - Khám Phá Đảo Phú Quý từ Sài Gòn",
        "image": "./images/du-lich-dao-phu-quy-du-lich-viet.jpg",
        "sale": 3390000,
        "price": 3990000,
        "destination": "Du Lịch Miền Nam"
    },
    {
        "id": "p13",
        "name":"Du Lịch Buôn Ma Thuột - Pleiku - Kon Tum khu du Lịch Măng Đen từ Sài Gòn",
        "image": "./images/du-lich-buon-ma-thuot-du-lich-viet-1.jpg",
        "sale": 5200000,
        "price": 5490000,
        "destination": "Cao Nguyên"
    },
    {
        "id": "p14",
        "name":" Du Lịch Nha Trang - Đà Lạt - Đồi Chè Cầu Đất từ Sài Gòn",
        "image": "./images/nha-tho-don-bosco-tet-am-lich-du-lich-viet.jpg",
        "sale": 4390000,
        "price": 4690000,
        "destination": "Du Lịch Miền Nam"
    },
    {
        "id": "p15",
        "name":"Du Lịch Cam Ranh - Đảo Bình Ba từ Sài Gòn 2N1Đ",
        "image": "./images/du-lich-he-tua-dao-binh-ba-du-lich-viet-2021.jpg",
        "sale": 2390000,
        "price": 2720000,
        "destination": "Biển Đảo"
    },
    {
        "id": "p16",
        "name":"Du Lịch Đảo Bình Hưng - Ninh Chữ - Vườn Nho từ Sài Gòn",
        "image": "./images/du-lich-ninh-chu-he-du-lich-viet.jpg",
        "sale": 2790000,
        "price": 3190000,
        "destination": "Biển Đảo"
    },
    {
        "id": "p17",
        "name":"Du Lịch Quy Nhơn - Phú Yên mùa Thu từ Sài Gòn",
        "image": "./images/du-lich-quy-nhon-mua-thu-du-lich-viet.jpg",
        "sale": 4890000,
        "price": 5220000,
        "destination": "Du Lịch Miền Nam"
    },
    {
        "id": "p18",
        "name":"Du Lịch Quảng Ngãi - Đảo Lý Sơn - Đảo Bé - Vương Quốc Tỏi từ Sài Gòn",
        "image": "./images/du-lich-quang-ngai-du-lich-viet-2022.jpg",
        "sale": 2390000,
        "price": 2990000,
        "destination": "Biển Đảo"
    }
]